timestamp,true_x,true_y,computed_x,computed_y,filtered_x,filtered_y,hdop,d1,d2,d3
2026-06-01T16:42:47.001Z,1.580,1.820,1.4825,1.8298,1.4883,1.8325,1.271,2.6700,2.5060,2.3045
2026-06-01T16:42:47.101Z,1.580,1.820,1.4857,1.8392,1.4873,1.8318,1.270,2.6607,2.5153,2.3045
2026-06-01T16:42:47.201Z,1.580,1.820,1.4857,1.8392,1.4864,1.8311,1.270,2.6607,2.5153,2.3045
2026-06-01T16:42:47.301Z,1.580,1.820,1.4867,1.8361,1.4848,1.8342,1.268,2.6607,2.5108,2.2997
2026-06-01T16:42:47.400Z,1.580,1.820,1.4748,1.8448,1.4831,1.8378,1.272,2.6607,2.5153,2.3186
2026-06-01T16:42:47.501Z,1.580,1.820,1.4700,1.8588,1.4806,1.8436,1.267,2.6418,2.5153,2.3186
2026-06-01T16:42:47.601Z,1.580,1.820,1.4841,1.8347,1.4803,1.8427,1.270,2.6652,2.5108,2.3045
2026-06-01T16:42:47.701Z,1.580,1.820,1.4804,1.8366,1.4792,1.8422,1.271,2.6652,2.5108,2.3093
2026-06-01T16:42:47.801Z,1.580,1.820,1.4700,1.8478,1.4759,1.8445,1.264,2.6466,2.5012,2.3093
2026-06-01T16:42:47.901Z,1.580,1.820,1.4776,1.8329,1.4764,1.8422,1.263,2.6559,2.4919,2.2952
2026-06-01T16:42:48.000Z,1.580,1.820,1.4776,1.8329,1.4780,1.8370,1.263,2.6559,2.4919,2.2952
2026-06-01T16:42:48.101Z,1.580,1.820,1.4860,1.8366,1.4783,1.8374,1.266,2.6559,2.5060,2.2952
2026-06-01T16:42:48.200Z,1.580,1.820,1.4792,1.8509,1.4781,1.8402,1.272,2.6559,2.5246,2.3186
2026-06-01T16:42:48.301Z,1.580,1.820,1.4852,1.8335,1.4811,1.8374,1.278,2.6792,2.5246,2.3186
2026-06-01T16:42:48.401Z,1.580,1.820,1.4909,1.8312,1.4838,1.8370,1.266,2.6607,2.5060,2.2904
2026-06-01T16:42:48.504Z,1.580,1.820,1.4801,1.8368,1.4843,1.8378,1.268,2.6607,2.5060,2.3045
2026-06-01T16:42:48.601Z,1.580,1.820,1.4813,1.8334,1.4833,1.8371,1.269,2.6652,2.5060,2.3045
2026-06-01T16:42:48.703Z,1.580,1.820,1.4832,1.8354,1.4841,1.8340,1.265,2.6559,2.5012,2.2952
2026-06-01T16:42:48.801Z,1.580,1.820,1.4832,1.8354,1.4837,1.8344,1.265,2.6559,2.5012,2.2952
2026-06-01T16:42:48.901Z,1.580,1.820,1.4588,1.8454,1.4773,1.8373,1.268,2.6559,2.4967,2.3234
2026-06-01T16:42:49.001Z,1.580,1.820,1.4770,1.8360,1.4767,1.8371,1.265,2.6559,2.4967,2.2997
2026-06-01T16:42:49.101Z,1.580,1.820,1.4802,1.8453,1.4765,1.8395,1.264,2.6466,2.5060,2.2997
2026-06-01T16:42:49.200Z,1.580,1.820,1.4781,1.8435,1.4755,1.8411,1.268,2.6559,2.5108,2.3093
2026-06-01T16:42:49.301Z,1.580,1.820,1.4781,1.8435,1.4744,1.8427,1.268,2.6559,2.5108,2.3093
2026-06-01T16:42:49.401Z,1.580,1.820,1.4749,1.8533,1.4777,1.8443,1.267,2.6466,2.5153,2.3138
2026-06-01T16:42:49.500Z,1.580,1.820,1.4865,1.8448,1.4796,1.8461,1.264,2.6466,2.5108,2.2952
2026-06-01T16:42:49.601Z,1.580,1.820,1.4936,1.8241,1.4822,1.8418,1.271,2.6744,2.5108,2.2952
2026-06-01T16:42:49.700Z,1.580,1.820,1.4790,1.8488,1.4824,1.8429,1.263,2.6418,2.5060,2.2997
2026-06-01T16:42:49.800Z,1.580,1.820,1.4716,1.8526,1.4811,1.8447,1.264,2.6418,2.5060,2.3093
2026-06-01T16:42:49.900Z,1.580,1.820,1.4668,1.8385,1.4795,1.8418,1.265,2.6559,2.4919,2.3093
2026-06-01T16:42:50.000Z,1.580,1.820,1.4797,1.8567,1.4781,1.8441,1.264,2.6370,2.5153,2.3045
2026-06-01T16:42:50.101Z,1.580,1.820,1.4797,1.8567,1.4753,1.8507,1.264,2.6370,2.5153,2.3045
2026-06-01T16:42:50.200Z,1.580,1.820,1.4957,1.8173,1.4787,1.8444,1.271,2.6792,2.5060,2.2904
2026-06-01T16:42:50.300Z,1.580,1.820,1.4820,1.8216,1.4808,1.8382,1.272,2.6792,2.5012,2.3045
2026-06-01T16:42:50.401Z,1.580,1.820,1.4748,1.8426,1.4824,1.8390,1.265,2.6511,2.5012,2.3045
2026-06-01T16:42:50.500Z,1.580,1.820,1.4720,1.8329,1.4808,1.8342,1.268,2.6652,2.4967,2.3093
2026-06-01T16:42:50.601Z,1.580,1.820,1.4720,1.8329,1.4793,1.8295,1.268,2.6652,2.4967,2.3093
2026-06-01T16:42:50.701Z,1.580,1.820,1.4917,1.8501,1.4785,1.8360,1.270,2.6511,2.5293,2.3045
2026-06-01T16:42:50.800Z,1.580,1.820,1.4864,1.8340,1.4794,1.8385,1.261,2.6511,2.4967,2.2859
2026-06-01T16:42:50.900Z,1.580,1.820,1.4876,1.8305,1.4819,1.8361,1.263,2.6559,2.4967,2.2859
2026-06-01T16:42:51.001Z,1.580,1.820,1.4711,1.8445,1.4818,1.8384,1.265,2.6511,2.5012,2.3093
2026-06-01T16:42:51.100Z,1.580,1.820,1.4711,1.8445,1.4816,1.8407,1.265,2.6511,2.5012,2.3093
2026-06-01T16:42:51.201Z,1.580,1.820,1.4709,1.8362,1.4774,1.8380,1.267,2.6607,2.4967,2.3093
2026-06-01T16:42:51.300Z,1.580,1.820,1.4980,1.8471,1.4797,1.8406,1.263,2.6418,2.5201,2.2859
2026-06-01T16:42:51.400Z,1.580,1.820,1.4980,1.8471,1.4818,1.8439,1.263,2.6418,2.5201,2.2859
2026-06-01T16:42:51.500Z,1.580,1.820,1.4963,1.8253,1.4869,1.8400,1.272,2.6744,2.5153,2.2952
2026-06-01T16:42:51.600Z,1.580,1.820,1.4765,1.8302,1.4879,1.8372,1.273,2.6744,2.5060,2.3138
2026-06-01T16:42:51.700Z,1.580,1.820,1.4730,1.8405,1.4883,1.8380,1.269,2.6607,2.5060,2.3138
2026-06-01T16:42:51.800Z,1.580,1.820,1.4958,1.8283,1.4879,1.8343,1.274,2.6744,2.5201,2.2997
2026-06-01T16:42:51.900Z,1.580,1.820,1.4958,1.8283,1.4875,1.8305,1.274,2.6744,2.5201,2.2997
2026-06-01T16:42:52.001Z,1.580,1.820,1.4828,1.8297,1.4848,1.8314,1.273,2.6744,2.5108,2.3093
2026-06-01T16:42:52.100Z,1.580,1.820,1.4902,1.8259,1.4875,1.8305,1.272,2.6744,2.5108,2.2997
2026-06-01T16:42:52.200Z,1.580,1.820,1.4831,1.8465,1.4895,1.8317,1.265,2.6466,2.5108,2.2997
2026-06-01T16:42:52.300Z,1.580,1.820,1.4777,1.8439,1.4859,1.8348,1.266,2.6511,2.5060,2.3045
2026-06-01T16:42:52.400Z,1.580,1.820,1.4740,1.8458,1.4816,1.8383,1.266,2.6511,2.5060,2.3093
2026-06-01T16:42:52.501Z,1.580,1.820,1.4836,1.8459,1.4817,1.8416,1.270,2.6559,2.5201,2.3093
2026-06-01T16:42:52.600Z,1.580,1.820,1.4752,1.8422,1.4787,1.8449,1.268,2.6559,2.5060,2.3093
2026-06-01T16:42:52.700Z,1.580,1.820,1.4752,1.8422,1.4771,1.8440,1.268,2.6559,2.5060,2.3093
2026-06-01T16:42:52.801Z,1.580,1.820,1.4826,1.8384,1.4781,1.8429,1.266,2.6559,2.5060,2.2997
2026-06-01T16:42:52.900Z,1.580,1.820,1.4723,1.8410,1.4778,1.8419,1.267,2.6559,2.5012,2.3093
2026-06-01T16:42:53.001Z,1.580,1.820,1.4771,1.8271,1.4765,1.8382,1.272,2.6744,2.5012,2.3093
2026-06-01T16:42:53.100Z,1.580,1.820,1.4813,1.8310,1.4777,1.8359,1.263,2.6559,2.4919,2.2904
2026-06-01T16:42:53.201Z,1.580,1.820,1.4596,1.8422,1.4746,1.8359,1.266,2.6559,2.4919,2.3186
2026-06-01T16:42:53.300Z,1.580,1.820,1.4736,1.8484,1.4728,1.8379,1.270,2.6559,2.5153,2.3186
2026-06-01T16:42:53.401Z,1.580,1.820,1.4873,1.8416,1.4758,1.8381,1.263,2.6466,2.5060,2.2904
2026-06-01T16:42:53.500Z,1.580,1.820,1.4873,1.8416,1.4778,1.8410,1.263,2.6466,2.5060,2.2904
2026-06-01T16:42:53.600Z,1.580,1.820,1.4616,1.8379,1.4739,1.8423,1.273,2.6700,2.5012,2.3279
2026-06-01T16:42:53.701Z,1.580,1.820,1.4796,1.8286,1.4779,1.8396,1.270,2.6700,2.5012,2.3045
2026-06-01T16:42:53.801Z,1.580,1.820,1.4770,1.8274,1.4786,1.8354,1.269,2.6700,2.4967,2.3045
2026-06-01T16:42:53.901Z,1.580,1.820,1.4845,1.8233,1.4780,1.8318,1.270,2.6744,2.5012,2.2997
2026-06-01T16:42:54.001Z,1.580,1.820,1.4845,1.8233,1.4774,1.8281,1.270,2.6744,2.5012,2.2997
2026-06-01T16:42:54.101Z,1.580,1.820,1.4864,1.8556,1.4824,1.8317,1.266,2.6418,2.5246,2.3045
2026-06-01T16:42:54.201Z,1.580,1.820,1.4890,1.8464,1.4843,1.8352,1.262,2.6418,2.5108,2.2904
2026-06-01T16:42:54.301Z,1.580,1.820,1.4926,1.8360,1.4874,1.8369,1.266,2.6559,2.5108,2.2904
2026-06-01T16:42:54.401Z,1.580,1.820,1.5007,1.8204,1.4906,1.8364,1.270,2.6744,2.5108,2.2859
2026-06-01T16:42:54.500Z,1.580,1.820,1.4936,1.8241,1.4925,1.8365,1.271,2.6744,2.5108,2.2952
2026-06-01T16:42:54.601Z,1.580,1.820,1.4824,1.8470,1.4917,1.8348,1.262,2.6418,2.5060,2.2952
2026-06-01T16:42:54.700Z,1.580,1.820,1.5004,1.8206,1.4939,1.8296,1.267,2.6700,2.5060,2.2811
2026-06-01T16:42:54.801Z,1.580,1.820,1.5004,1.8206,1.4955,1.8265,1.267,2.6700,2.5060,2.2811
2026-06-01T16:42:54.901Z,1.580,1.820,1.4849,1.8424,1.4923,1.8309,1.271,2.6607,2.5201,2.3093
2026-06-01T16:42:55.001Z,1.580,1.820,1.4957,1.8368,1.4927,1.8335,1.269,2.6607,2.5201,2.2952
2026-06-01T16:42:55.101Z,1.580,1.820,1.4981,1.8299,1.4959,1.8301,1.272,2.6700,2.5201,2.2952
2026-06-01T16:42:55.201Z,1.580,1.820,1.4797,1.8371,1.4917,1.8334,1.265,2.6559,2.5012,2.2997
2026-06-01T16:42:55.301Z,1.580,1.820,1.4797,1.8371,1.4876,1.8367,1.265,2.6559,2.5012,2.2997
2026-06-01T16:42:55.401Z,1.580,1.820,1.4776,1.8353,1.4862,1.8353,1.270,2.6652,2.5060,2.3093
2026-06-01T16:42:55.501Z,1.580,1.820,1.4905,1.8340,1.4851,1.8347,1.270,2.6652,2.5153,2.2997
2026-06-01T16:42:55.601Z,1.580,1.820,1.4881,1.8409,1.4831,1.8369,1.268,2.6559,2.5153,2.2997
2026-06-01T16:42:55.701Z,1.580,1.820,1.4881,1.8409,1.4848,1.8376,1.268,2.6559,2.5153,2.2997
2026-06-01T16:42:55.800Z,1.580,1.820,1.4881,1.8409,1.4865,1.8384,1.268,2.6559,2.5153,2.2997
2026-06-01T16:42:55.901Z,1.580,1.820,1.4874,1.8525,1.4885,1.8418,1.265,2.6418,2.5201,2.2997
2026-06-01T16:42:56.001Z,1.580,1.820,1.4768,1.8577,1.4857,1.8466,1.270,2.6466,2.5246,2.3186
2026-06-01T16:42:56.101Z,1.580,1.820,1.4768,1.8577,1.4835,1.8499,1.270,2.6466,2.5246,2.3186
2026-06-01T16:42:56.201Z,1.580,1.820,1.4862,1.8279,1.4831,1.8474,1.270,2.6700,2.5060,2.2997
2026-06-01T16:42:56.300Z,1.580,1.820,1.4628,1.8454,1.4780,1.8483,1.276,2.6700,2.5153,2.3372
2026-06-01T16:42:56.401Z,1.580,1.820,1.4615,1.8490,1.4728,1.8475,1.275,2.6652,2.5153,2.3372
2026-06-01T16:42:56.500Z,1.580,1.820,1.4967,1.8225,1.4768,1.8405,1.268,2.6700,2.5060,2.2859
2026-06-01T16:42:56.602Z,1.580,1.820,1.4825,1.8298,1.4779,1.8349,1.271,2.6700,2.5060,2.3045
2026-06-01T16:42:56.701Z,1.580,1.820,1.4830,1.8380,1.4773,1.8369,1.269,2.6607,2.5108,2.3045
2026-06-01T16:42:56.801Z,1.580,1.820,1.4821,1.8496,1.4812,1.8378,1.266,2.6466,2.5153,2.3045
2026-06-01T16:42:56.901Z,1.580,1.820,1.4821,1.8496,1.4853,1.8379,1.266,2.6466,2.5153,2.3045
2026-06-01T16:42:57.000Z,1.580,1.820,1.4677,1.8463,1.4795,1.8427,1.266,2.6511,2.5012,2.3138
2026-06-01T16:42:57.100Z,1.580,1.820,1.4602,1.8501,1.4750,1.8467,1.267,2.6511,2.5012,2.3234
2026-06-01T16:42:57.201Z,1.580,1.820,1.4672,1.8491,1.4719,1.8490,1.270,2.6559,2.5108,2.3234
2026-06-01T16:42:57.301Z,1.580,1.820,1.4949,1.8398,1.4744,1.8470,1.271,2.6607,2.5246,2.2997
2026-06-01T16:42:57.401Z,1.580,1.820,1.4949,1.8398,1.4770,1.8450,1.271,2.6607,2.5246,2.2997
2026-06-01T16:42:57.501Z,1.580,1.820,1.4583,1.8372,1.4751,1.8432,1.269,2.6652,2.4919,2.3234
2026-06-01T16:42:57.600Z,1.580,1.820,1.4592,1.8341,1.4749,1.8400,1.268,2.6652,2.4871,2.3186
2026-06-01T16:42:57.701Z,1.580,1.820,1.4556,1.8445,1.4726,1.8391,1.264,2.6511,2.4871,2.3186
2026-06-01T16:42:57.801Z,1.580,1.820,1.4785,1.8407,1.4693,1.8393,1.264,2.6511,2.5012,2.2997
2026-06-01T16:42:57.900Z,1.580,1.820,1.4748,1.8426,1.4653,1.8398,1.265,2.6511,2.5012,2.3045
2026-06-01T16:42:58.001Z,1.580,1.820,1.4808,1.8252,1.4698,1.8374,1.271,2.6744,2.5012,2.3045
2026-06-01T16:42:58.100Z,1.580,1.820,1.4886,1.8405,1.4756,1.8387,1.271,2.6607,2.5201,2.3045
2026-06-01T16:42:58.201Z,1.580,1.820,1.4886,1.8405,1.4822,1.8379,1.271,2.6607,2.5201,2.3045
2026-06-01T16:42:58.301Z,1.580,1.820,1.4976,1.8303,1.4861,1.8358,1.269,2.6652,2.5153,2.2904
2026-06-01T16:42:58.401Z,1.580,1.820,1.4940,1.8322,1.4899,1.8337,1.270,2.6652,2.5153,2.2952
2026-06-01T16:42:58.501Z,1.580,1.820,1.4908,1.8228,1.4919,1.8332,1.270,2.6744,2.5060,2.2952
2026-06-01T16:42:58.600Z,1.580,1.820,1.5120,1.8337,1.4966,1.8319,1.269,2.6607,2.5293,2.2811
2026-06-01T16:42:58.701Z,1.580,1.820,1.5120,1.8337,1.5013,1.8305,1.269,2.6607,2.5293,2.2811
2026-06-01T16:42:58.801Z,1.580,1.820,1.4829,1.8358,1.4983,1.8316,1.262,2.6511,2.4967,2.2904
2026-06-01T16:42:58.900Z,1.580,1.820,1.4705,1.8476,1.4937,1.8347,1.267,2.6511,2.5060,2.3138
2026-06-01T16:42:59.001Z,1.580,1.820,1.4730,1.8405,1.4901,1.8383,1.269,2.6607,2.5060,2.3138
2026-06-01T16:42:59.101Z,1.580,1.820,1.4865,1.8582,1.4850,1.8431,1.273,2.6511,2.5386,2.3186
2026-06-01T16:42:59.200Z,1.580,1.820,1.4865,1.8582,1.4799,1.8480,1.273,2.6511,2.5386,2.3186
2026-06-01T16:42:59.301Z,1.580,1.820,1.4729,1.8601,1.4779,1.8529,1.268,2.6418,2.5201,2.3186
2026-06-01T16:42:59.400Z,1.580,1.820,1.4772,1.8379,1.4792,1.8510,1.274,2.6700,2.5153,2.3186
2026-06-01T16:42:59.501Z,1.580,1.820,1.4772,1.8379,1.4800,1.8504,1.274,2.6700,2.5153,2.3186
2026-06-01T16:42:59.601Z,1.580,1.820,1.4633,1.8318,1.4754,1.8452,1.270,2.6700,2.4919,2.3186
2026-06-01T16:42:59.701Z,1.580,1.820,1.4981,1.8299,1.4777,1.8395,1.272,2.6700,2.5201,2.2952
2026-06-01T16:42:59.801Z,1.580,1.820,1.4957,1.8368,1.4823,1.8349,1.269,2.6607,2.5201,2.2952
2026-06-01T16:42:59.901Z,1.580,1.820,1.4903,1.8317,1.4849,1.8336,1.264,2.6559,2.5012,2.2859
2026-06-01T16:43:00.003Z,1.580,1.820,1.4939,1.8298,1.4882,1.8320,1.263,2.6559,2.5012,2.2811
2026-06-01T16:43:00.101Z,1.580,1.820,1.5035,1.8300,1.4963,1.8316,1.266,2.6607,2.5153,2.2811
2026-06-01T16:43:00.201Z,1.580,1.820,1.4785,1.8429,1.4924,1.8342,1.271,2.6607,2.5153,2.3138
2026-06-01T16:43:00.301Z,1.580,1.820,1.4821,1.8327,1.4897,1.8334,1.275,2.6744,2.5153,2.3138
2026-06-01T16:43:00.401Z,1.580,1.820,1.4873,1.8246,1.4891,1.8320,1.271,2.6744,2.5060,2.2997
2026-06-01T16:43:00.501Z,1.580,1.820,1.5015,1.8172,1.4906,1.8295,1.268,2.6744,2.5060,2.2811
2026-06-01T16:43:00.601Z,1.580,1.820,1.5103,1.8291,1.4919,1.8293,1.269,2.6652,2.5246,2.2811
2026-06-01T16:43:00.700Z,1.580,1.820,1.4860,1.8366,1.4934,1.8280,1.266,2.6559,2.5060,2.2952
2026-06-01T16:43:00.801Z,1.580,1.820,1.4860,1.8366,1.4942,1.8288,1.266,2.6559,2.5060,2.2952
2026-06-01T16:43:00.901Z,1.580,1.820,1.4684,1.8433,1.4905,1.8326,1.265,2.6511,2.4967,2.3093
2026-06-01T16:43:01.000Z,1.580,1.820,1.4851,1.8507,1.4872,1.8393,1.269,2.6511,2.5246,2.3093
2026-06-01T16:43:01.101Z,1.580,1.820,1.4876,1.8436,1.4826,1.8422,1.272,2.6607,2.5246,2.3093
2026-06-01T16:43:01.200Z,1.580,1.820,1.4713,1.8359,1.4797,1.8420,1.270,2.6652,2.5012,2.3138
2026-06-01T16:43:01.301Z,1.580,1.820,1.4784,1.8321,1.4782,1.8411,1.268,2.6652,2.5012,2.3045
2026-06-01T16:43:01.401Z,1.580,1.820,1.4989,1.8291,1.4843,1.8383,1.277,2.6792,2.5293,2.3045
2026-06-01T16:43:01.501Z,1.580,1.820,1.4872,1.8331,1.4847,1.8348,1.267,2.6607,2.5060,2.2952
2026-06-01T16:43:01.601Z,1.580,1.820,1.4872,1.8331,1.4846,1.8326,1.267,2.6607,2.5060,2.2952
2026-06-01T16:43:01.701Z,1.580,1.820,1.5091,1.8324,1.4922,1.8320,1.268,2.6607,2.5246,2.2811
2026-06-01T16:43:01.801Z,1.580,1.820,1.4984,1.8380,1.4962,1.8331,1.270,2.6607,2.5246,2.2952
2026-06-01T16:43:01.901Z,1.580,1.820,1.4984,1.8380,1.4961,1.8349,1.270,2.6607,2.5246,2.2952
2026-06-01T16:43:02.000Z,1.580,1.820,1.4844,1.8318,1.4955,1.8347,1.266,2.6607,2.5012,2.2952
2026-06-01T16:43:02.101Z,1.580,1.820,1.4844,1.8318,1.4949,1.8344,1.266,2.6607,2.5012,2.2952
2026-06-01T16:43:02.201Z,1.580,1.820,1.4940,1.8322,1.4919,1.8344,1.270,2.6652,2.5153,2.2952
2026-06-01T16:43:02.301Z,1.580,1.820,1.4831,1.8378,1.4888,1.8343,1.272,2.6652,2.5153,2.3093
2026-06-01T16:43:02.401Z,1.580,1.820,1.4820,1.8411,1.4856,1.8349,1.270,2.6607,2.5153,2.3093
2026-06-01T16:43:02.501Z,1.580,1.820,1.4978,1.8411,1.4883,1.8368,1.272,2.6607,2.5293,2.2997
2026-06-01T16:43:02.601Z,1.580,1.820,1.5120,1.8337,1.4938,1.8372,1.269,2.6607,2.5293,2.2811
2026-06-01T16:43:02.701Z,1.580,1.820,1.5015,1.8172,1.4953,1.8342,1.268,2.6744,2.5060,2.2811
2026-06-01T16:43:02.800Z,1.580,1.820,1.4820,1.8411,1.4951,1.8348,1.270,2.6607,2.5153,2.3093
2026-06-01T16:43:02.901Z,1.580,1.820,1.4820,1.8411,1.4951,1.8348,1.270,2.6607,2.5153,2.3093
2026-06-01T16:43:03.001Z,1.580,1.820,1.4673,1.8576,1.4890,1.8382,1.266,2.6418,2.5108,2.3186
2026-06-01T16:43:03.101Z,1.580,1.820,1.4753,1.8507,1.4816,1.8416,1.263,2.6418,2.5060,2.3045
2026-06-01T16:43:03.201Z,1.580,1.820,1.4801,1.8368,1.4773,1.8455,1.268,2.6607,2.5060,2.3045
2026-06-01T16:43:03.301Z,1.580,1.820,1.4602,1.8501,1.4730,1.8473,1.267,2.6511,2.5012,2.3234
2026-06-01T16:43:03.401Z,1.580,1.820,1.4602,1.8501,1.4686,1.8491,1.267,2.6511,2.5012,2.3234
2026-06-01T16:43:03.501Z,1.580,1.820,1.4867,1.8361,1.4725,1.8448,1.268,2.6607,2.5108,2.2997
2026-06-01T16:43:03.601Z,1.580,1.820,1.4773,1.8355,1.4729,1.8417,1.267,2.6607,2.5012,2.3045
2026-06-01T16:43:03.701Z,1.580,1.820,1.4784,1.8321,1.4726,1.8408,1.268,2.6652,2.5012,2.3045
2026-06-01T16:43:03.801Z,1.580,1.820,1.4938,1.8324,1.4793,1.8373,1.267,2.6607,2.5108,2.2904
2026-06-01T16:43:03.901Z,1.580,1.820,1.4830,1.8380,1.4838,1.8348,1.269,2.6607,2.5108,2.3045
2026-06-01T16:43:04.001Z,1.580,1.820,1.4773,1.8355,1.4819,1.8347,1.267,2.6607,2.5012,2.3045
2026-06-01T16:43:04.101Z,1.580,1.820,1.4880,1.8299,1.4841,1.8336,1.265,2.6607,2.5012,2.2904
2026-06-01T16:43:04.201Z,1.580,1.820,1.4880,1.8299,1.4860,1.8331,1.265,2.6607,2.5012,2.2904
2026-06-01T16:43:04.301Z,1.580,1.820,1.4741,1.8371,1.4821,1.8341,1.271,2.6652,2.5060,2.3138
2026-06-01T16:43:04.401Z,1.580,1.820,1.4737,1.8265,1.4802,1.8318,1.265,2.6652,2.4871,2.2997
2026-06-01T16:43:04.501Z,1.580,1.820,1.4737,1.8265,1.4795,1.8300,1.265,2.6652,2.4871,2.2997
2026-06-01T16:43:04.601Z,1.580,1.820,1.4661,1.8502,1.4751,1.8341,1.262,2.6418,2.4967,2.3093
2026-06-01T16:43:04.701Z,1.580,1.820,1.4626,1.8520,1.4700,1.8385,1.263,2.6418,2.4967,2.3138
2026-06-01T16:43:04.801Z,1.580,1.820,1.4689,1.8427,1.4690,1.8396,1.267,2.6559,2.5012,2.3138
2026-06-01T16:43:04.902Z,1.580,1.820,1.5043,1.8379,1.4751,1.8419,1.268,2.6559,2.5246,2.2859
2026-06-01T16:43:05.001Z,1.580,1.820,1.5043,1.8379,1.4812,1.8441,1.268,2.6559,2.5246,2.2859
2026-06-01T16:43:05.101Z,1.580,1.820,1.4963,1.8229,1.4873,1.8387,1.265,2.6652,2.5012,2.2811
2026-06-01T16:43:05.201Z,1.580,1.820,1.4821,1.8302,1.4912,1.8343,1.268,2.6652,2.5012,2.2997
2026-06-01T16:43:05.301Z,1.580,1.820,1.4917,1.8304,1.4957,1.8319,1.272,2.6700,2.5153,2.2997
2026-06-01T16:43:05.401Z,1.580,1.820,1.4886,1.8490,1.4926,1.8341,1.266,2.6466,2.5201,2.2997
2026-06-01T16:43:05.501Z,1.580,1.820,1.4886,1.8490,1.4895,1.8363,1.266,2.6466,2.5201,2.2997
2026-06-01T16:43:05.601Z,1.580,1.820,1.4985,1.8186,1.4899,1.8354,1.272,2.6792,2.5108,2.2904
2026-06-01T16:43:05.700Z,1.580,1.820,1.5012,1.8198,1.4938,1.8334,1.273,2.6792,2.5153,2.2904
2026-06-01T16:43:05.801Z,1.580,1.820,1.4952,1.8372,1.4945,1.8347,1.267,2.6559,2.5153,2.2904
2026-06-01T16:43:05.901Z,1.580,1.820,1.4889,1.8379,1.4945,1.8325,1.266,2.6559,2.5108,2.2952
2026-06-01T16:43:06.000Z,1.580,1.820,1.4889,1.8379,1.4946,1.8303,1.266,2.6559,2.5108,2.2952
2026-06-01T16:43:06.101Z,1.580,1.820,1.4872,1.8331,1.4923,1.8332,1.267,2.6607,2.5060,2.2952
2026-06-01T16:43:06.201Z,1.580,1.820,1.4850,1.8315,1.4890,1.8355,1.269,2.6652,2.5060,2.2997
2026-06-01T16:43:06.301Z,1.580,1.820,1.4850,1.8315,1.4870,1.8344,1.269,2.6652,2.5060,2.2997
2026-06-01T16:43:06.401Z,1.580,1.820,1.4813,1.8334,1.4855,1.8335,1.269,2.6652,2.5060,2.3045
2026-06-01T16:43:06.501Z,1.580,1.820,1.4813,1.8334,1.4839,1.8326,1.269,2.6652,2.5060,2.3045
2026-06-01T16:43:06.601Z,1.580,1.820,1.4765,1.8472,1.4818,1.8354,1.264,2.6466,2.5060,2.3045
2026-06-01T16:43:06.701Z,1.580,1.820,1.4928,1.8380,1.4834,1.8367,1.275,2.6700,2.5293,2.3093
2026-06-01T16:43:06.801Z,1.580,1.820,1.4928,1.8380,1.4849,1.8380,1.275,2.6700,2.5293,2.3093
2026-06-01T16:43:06.901Z,1.580,1.820,1.4849,1.8424,1.4857,1.8398,1.271,2.6607,2.5201,2.3093
2026-06-01T16:43:07.001Z,1.580,1.820,1.4857,1.8392,1.4866,1.8409,1.270,2.6607,2.5153,2.3045
2026-06-01T16:43:07.101Z,1.580,1.820,1.4868,1.8359,1.4886,1.8387,1.271,2.6652,2.5153,2.3045
2026-06-01T16:43:07.201Z,1.580,1.820,1.4981,1.8385,1.4897,1.8388,1.267,2.6559,2.5201,2.2904
2026-06-01T16:43:07.301Z,1.580,1.820,1.4765,1.8497,1.4864,1.8411,1.271,2.6559,2.5201,2.3186
2026-06-01T16:43:07.401Z,1.580,1.820,1.4733,1.8403,1.4841,1.8407,1.272,2.6652,2.5108,2.3186
2026-06-01T16:43:07.500Z,1.580,1.820,1.5061,1.8340,1.4882,1.8397,1.271,2.6652,2.5293,2.2904
2026-06-01T16:43:07.601Z,1.580,1.820,1.5061,1.8340,1.4920,1.8393,1.271,2.6652,2.5293,2.2904
2026-06-01T16:43:07.701Z,1.580,1.820,1.4710,1.8277,1.4866,1.8372,1.271,2.6744,2.4967,2.3138
2026-06-01T16:43:07.801Z,1.580,1.820,1.4929,1.8270,1.4899,1.8326,1.273,2.6744,2.5153,2.2997
2026-06-01T16:43:07.901Z,1.580,1.820,1.4905,1.8340,1.4933,1.8314,1.270,2.6652,2.5153,2.2997
2026-06-01T16:43:08.001Z,1.580,1.820,1.4757,1.8310,1.4872,1.8308,1.268,2.6652,2.4967,2.3045
2026-06-01T16:43:08.101Z,1.580,1.820,1.4757,1.8310,1.4812,1.8301,1.268,2.6652,2.4967,2.3045
2026-06-01T16:43:08.201Z,1.580,1.820,1.4966,1.8446,1.4863,1.8335,1.270,2.6559,2.5293,2.2997
2026-06-01T16:43:08.301Z,1.580,1.820,1.4680,1.8459,1.4813,1.8373,1.269,2.6559,2.5060,2.3186
2026-06-01T16:43:08.401Z,1.580,1.820,1.4680,1.8459,1.4768,1.8397,1.269,2.6559,2.5060,2.3186
2026-06-01T16:43:08.501Z,1.580,1.820,1.4881,1.8323,1.4793,1.8399,1.272,2.6700,2.5153,2.3045
2026-06-01T16:43:08.601Z,1.580,1.820,1.4772,1.8379,1.4796,1.8413,1.274,2.6700,2.5153,2.3186
2026-06-01T16:43:08.701Z,1.580,1.820,1.4797,1.8590,1.4762,1.8442,1.270,2.6466,2.5293,2.3186
2026-06-01T16:43:08.801Z,1.580,1.820,1.4824,1.8495,1.4791,1.8449,1.269,2.6511,2.5201,2.3093
2026-06-01T16:43:08.901Z,1.580,1.820,1.4824,1.8495,1.4820,1.8456,1.269,2.6511,2.5201,2.3093
2026-06-01T16:43:09.001Z,1.580,1.820,1.4809,1.8360,1.4805,1.8464,1.273,2.6700,2.5153,2.3138
2026-06-01T16:43:09.100Z,1.580,1.820,1.4844,1.8342,1.4820,1.8456,1.273,2.6700,2.5153,2.3093
2026-06-01T16:43:09.201Z,1.580,1.820,1.4808,1.8447,1.4822,1.8428,1.269,2.6559,2.5153,2.3093
2026-06-01T16:43:09.301Z,1.580,1.820,1.4852,1.8204,1.4827,1.8370,1.269,2.6744,2.4967,2.2952
2026-06-01T16:43:09.401Z,1.580,1.820,1.4818,1.8221,1.4826,1.8315,1.270,2.6744,2.4967,2.2997
2026-06-01T16:43:09.501Z,1.580,1.820,1.4838,1.8348,1.4832,1.8312,1.267,2.6607,2.5060,2.2997
2026-06-01T16:43:09.601Z,1.580,1.820,1.4830,1.8380,1.4829,1.8320,1.269,2.6607,2.5108,2.3045
2026-06-01T16:43:09.701Z,1.580,1.820,1.4830,1.8380,1.4834,1.8307,1.269,2.6607,2.5108,2.3045
2026-06-01T16:43:09.801Z,1.580,1.820,1.5005,1.8316,1.4864,1.8329,1.270,2.6652,2.5201,2.2904
2026-06-01T16:43:09.901Z,1.580,1.820,1.4934,1.8352,1.4887,1.8355,1.271,2.6652,2.5201,2.2997
2026-06-01T16:43:10.001Z,1.580,1.820,1.4934,1.8352,1.4906,1.8356,1.271,2.6652,2.5201,2.2997
2026-06-01T16:43:10.100Z,1.580,1.820,1.4904,1.8254,1.4921,1.8331,1.275,2.6792,2.5153,2.3045
2026-06-01T16:43:10.200Z,1.580,1.820,1.4904,1.8254,1.4936,1.8306,1.275,2.6792,2.5153,2.3045
2026-06-01T16:43:10.301Z,1.580,1.820,1.4725,1.8604,1.4880,1.8363,1.265,2.6370,2.5153,2.3138
2026-06-01T16:43:10.400Z,1.580,1.820,1.4688,1.8623,1.4831,1.8417,1.265,2.6370,2.5153,2.3186
2026-06-01T16:43:10.501Z,1.580,1.820,1.4724,1.8519,1.4789,1.8451,1.269,2.6511,2.5153,2.3186
2026-06-01T16:43:10.600Z,1.580,1.820,1.4850,1.8315,1.4778,1.8463,1.269,2.6652,2.5060,2.2997
2026-06-01T16:43:10.700Z,1.580,1.820,1.4776,1.8353,1.4752,1.8483,1.270,2.6652,2.5060,2.3093
2026-06-01T16:43:10.800Z,1.580,1.820,1.4795,1.8482,1.4766,1.8459,1.268,2.6511,2.5153,2.3093
2026-06-01T16:43:10.900Z,1.580,1.820,1.4832,1.8354,1.4795,1.8405,1.265,2.6559,2.5012,2.2952
2026-06-01T16:43:11.001Z,1.580,1.820,1.4832,1.8354,1.4817,1.8372,1.265,2.6559,2.5012,2.2952
2026-06-01T16:43:11.100Z,1.580,1.820,1.4900,1.8452,1.4827,1.8399,1.270,2.6559,2.5246,2.3045
2026-06-01T16:43:11.201Z,1.580,1.820,1.5016,1.8367,1.4875,1.8402,1.267,2.6559,2.5201,2.2859
2026-06-01T16:43:11.300Z,1.580,1.820,1.5039,1.8298,1.4924,1.8365,1.269,2.6652,2.5201,2.2859
2026-06-01T16:43:11.400Z,1.580,1.820,1.4940,1.8322,1.4945,1.8358,1.270,2.6652,2.5153,2.2952
2026-06-01T16:43:11.501Z,1.580,1.820,1.4940,1.8322,1.4967,1.8352,1.270,2.6652,2.5153,2.2952
2026-06-01T16:43:11.600Z,1.580,1.820,1.4757,1.8504,1.4938,1.8362,1.266,2.6466,2.5108,2.3093
2026-06-01T16:43:11.700Z,1.580,1.820,1.4986,1.8330,1.4932,1.8355,1.259,2.6466,2.5012,2.2718
2026-06-01T16:43:11.801Z,1.580,1.820,1.5033,1.8192,1.4931,1.8334,1.264,2.6652,2.5012,2.2718
2026-06-01T16:43:11.900Z,1.580,1.820,1.4804,1.8366,1.4904,1.8343,1.271,2.6652,2.5108,2.3093
2026-06-01T16:43:12.000Z,1.580,1.820,1.4841,1.8347,1.4884,1.8348,1.270,2.6652,2.5108,2.3045
2026-06-01T16:43:12.100Z,1.580,1.820,1.4782,1.8520,1.4889,1.8351,1.264,2.6418,2.5108,2.3045
2026-06-01T16:43:12.200Z,1.580,1.820,1.4884,1.8297,1.4869,1.8344,1.268,2.6652,2.5060,2.2952
2026-06-01T16:43:12.300Z,1.580,1.820,1.4884,1.8297,1.4839,1.8365,1.268,2.6652,2.5060,2.2952
2026-06-01T16:43:12.400Z,1.580,1.820,1.4814,1.8442,1.4841,1.8381,1.272,2.6607,2.5201,2.3138
2026-06-01T16:43:12.501Z,1.580,1.820,1.4867,1.8361,1.4846,1.8383,1.268,2.6607,2.5108,2.2997
2026-06-01T16:43:12.601Z,1.580,1.820,1.4867,1.8361,1.4863,1.8352,1.268,2.6607,2.5108,2.2997
2026-06-01T16:43:12.700Z,1.580,1.820,1.4922,1.8386,1.4871,1.8369,1.270,2.6607,2.5201,2.2997
2026-06-01T16:43:12.802Z,1.580,1.820,1.4993,1.8349,1.4893,1.8380,1.269,2.6607,2.5201,2.2904
2026-06-01T16:43:12.900Z,1.580,1.820,1.4993,1.8349,1.4929,1.8361,1.269,2.6607,2.5201,2.2904
2026-06-01T16:43:13.002Z,1.580,1.820,1.4869,1.8444,1.4929,1.8378,1.267,2.6511,2.5153,2.2997
2026-06-01T16:43:13.101Z,1.580,1.820,1.4869,1.8444,1.4930,1.8394,1.267,2.6511,2.5153,2.2997
2026-06-01T16:43:13.200Z,1.580,1.820,1.4931,1.8329,1.4931,1.8383,1.264,2.6559,2.5060,2.2859
2026-06-01T16:43:13.300Z,1.580,1.820,1.4717,1.8440,1.4876,1.8401,1.268,2.6559,2.5060,2.3138
2026-06-01T16:43:13.400Z,1.580,1.820,1.4741,1.8371,1.4826,1.8406,1.271,2.6652,2.5060,2.3138
2026-06-01T16:43:13.500Z,1.580,1.820,1.4881,1.8409,1.4828,1.8399,1.268,2.6559,2.5153,2.2997
2026-06-01T16:43:13.600Z,1.580,1.820,1.4881,1.8409,1.4830,1.8392,1.268,2.6559,2.5153,2.2997
2026-06-01T16:43:13.700Z,1.580,1.820,1.4748,1.8426,1.4794,1.8411,1.265,2.6511,2.5012,2.3045
2026-06-01T16:43:13.801Z,1.580,1.820,1.4856,1.8370,1.4822,1.8397,1.263,2.6511,2.5012,2.2904
2026-06-01T16:43:13.901Z,1.580,1.820,1.4845,1.8403,1.4842,1.8403,1.262,2.6466,2.5012,2.2904
2026-06-01T16:43:14.001Z,1.580,1.820,1.4850,1.8315,1.4836,1.8385,1.269,2.6652,2.5060,2.2997
2026-06-01T16:43:14.101Z,1.580,1.820,1.4955,1.8261,1.4851,1.8355,1.267,2.6652,2.5060,2.2859
2026-06-01T16:43:14.200Z,1.580,1.820,1.5028,1.8331,1.4907,1.8336,1.268,2.6607,2.5201,2.2859
2026-06-01T16:43:14.300Z,1.580,1.820,1.4777,1.8266,1.4891,1.8315,1.274,2.6792,2.5060,2.3138
2026-06-01T16:43:14.400Z,1.580,1.820,1.4777,1.8266,1.4877,1.8288,1.274,2.6792,2.5060,2.3138
2026-06-01T16:43:14.501Z,1.580,1.820,1.4746,1.8453,1.4857,1.8315,1.269,2.6559,2.5108,2.3138
2026-06-01T16:43:14.600Z,1.580,1.820,1.4709,1.8472,1.4807,1.8358,1.270,2.6559,2.5108,2.3186
2026-06-01T16:43:14.701Z,1.580,1.820,1.4633,1.8318,1.4728,1.8355,1.270,2.6700,2.4919,2.3186
2026-06-01T16:43:14.800Z,1.580,1.820,1.4705,1.8476,1.4714,1.8397,1.267,2.6511,2.5060,2.3138
2026-06-01T16:43:14.900Z,1.580,1.820,1.4705,1.8476,1.4700,1.8439,1.267,2.6511,2.5060,2.3138
2026-06-01T16:43:15.000Z,1.580,1.820,1.4795,1.8482,1.4709,1.8445,1.268,2.6511,2.5153,2.3093
2026-06-01T16:43:15.100Z,1.580,1.820,1.4677,1.8463,1.4703,1.8443,1.266,2.6511,2.5012,2.3138
2026-06-01T16:43:15.200Z,1.580,1.820,1.4677,1.8463,1.4712,1.8472,1.266,2.6511,2.5012,2.3138
2026-06-01T16:43:15.300Z,1.580,1.820,1.4832,1.8354,1.4737,1.8447,1.265,2.6559,2.5012,2.2952
2026-06-01T16:43:15.400Z,1.580,1.820,1.4723,1.8410,1.4741,1.8434,1.267,2.6559,2.5012,2.3093
2026-06-01T16:43:15.500Z,1.580,1.820,1.4768,1.8470,1.4735,1.8432,1.267,2.6511,2.5108,2.3093
2026-06-01T16:43:15.600Z,1.580,1.820,1.4843,1.8150,1.4769,1.8369,1.272,2.6840,2.4967,2.2997
2026-06-01T16:43:15.700Z,1.580,1.820,1.4843,1.8150,1.4802,1.8307,1.272,2.6840,2.4967,2.2997
2026-06-01T16:43:15.800Z,1.580,1.820,1.4996,1.8238,1.4835,1.8283,1.269,2.6700,2.5108,2.2859
2026-06-01T16:43:15.900Z,1.580,1.820,1.4753,1.8335,1.4841,1.8269,1.272,2.6700,2.5060,2.3138
2026-06-01T16:43:16.000Z,1.580,1.820,1.4753,1.8335,1.4838,1.8242,1.272,2.6700,2.5060,2.3138
2026-06-01T16:43:16.100Z,1.580,1.820,1.4830,1.8380,1.4835,1.8288,1.269,2.6607,2.5108,2.3045
2026-06-01T16:43:16.201Z,1.580,1.820,1.4901,1.8343,1.4847,1.8326,1.268,2.6607,2.5108,2.2952
2026-06-01T16:43:16.301Z,1.580,1.820,1.4892,1.8180,1.4826,1.8315,1.271,2.6792,2.5012,2.2952
2026-06-01T16:43:16.400Z,1.580,1.820,1.4841,1.8261,1.4843,1.8300,1.274,2.6792,2.5108,2.3093
2026-06-01T16:43:16.500Z,1.580,1.820,1.4768,1.8470,1.4846,1.8327,1.267,2.6511,2.5108,2.3093
2026-06-01T16:43:16.600Z,1.580,1.820,1.4773,1.8355,1.4835,1.8322,1.267,2.6607,2.5012,2.3045
2026-06-01T16:43:16.700Z,1.580,1.820,1.4809,1.8336,1.4817,1.8320,1.267,2.6607,2.5012,2.2997
2026-06-01T16:43:16.800Z,1.580,1.820,1.4890,1.8292,1.4816,1.8343,1.271,2.6700,2.5108,2.2997
2026-06-01T16:43:16.900Z,1.580,1.820,1.4770,1.8384,1.4802,1.8367,1.271,2.6652,2.5108,2.3138
2026-06-01T16:43:17.000Z,1.580,1.820,1.4770,1.8384,1.4802,1.8350,1.271,2.6652,2.5108,2.3138
2026-06-01T16:43:17.100Z,1.580,1.820,1.4764,1.8387,1.4801,1.8356,1.269,2.6607,2.5060,2.3093
2026-06-01T16:43:17.200Z,1.580,1.820,1.4785,1.8429,1.4796,1.8375,1.271,2.6607,2.5153,2.3138
2026-06-01T16:43:17.300Z,1.580,1.820,1.4809,1.8360,1.4780,1.8389,1.273,2.6700,2.5153,2.3138
2026-06-01T16:43:17.400Z,1.580,1.820,1.4868,1.8249,1.4799,1.8362,1.268,2.6700,2.5012,2.2952
2026-06-01T16:43:17.499Z,1.580,1.820,1.4651,1.8361,1.4775,1.8357,1.272,2.6700,2.5012,2.3234
2026-06-01T16:43:17.600Z,1.580,1.820,1.4627,1.8430,1.4748,1.8366,1.270,2.6607,2.5012,2.3234
2026-06-01T16:43:17.700Z,1.580,1.820,1.4609,1.8387,1.4713,1.8357,1.268,2.6607,2.4919,2.3186
2026-06-01T16:43:17.800Z,1.580,1.820,1.4609,1.8387,1.4673,1.8363,1.268,2.6607,2.4919,2.3186
2026-06-01T16:43:17.900Z,1.580,1.820,1.4713,1.8359,1.4641,1.8385,1.270,2.6652,2.5012,2.3138
2026-06-01T16:43:18.000Z,1.580,1.820,1.4821,1.8302,1.4676,1.8373,1.268,2.6652,2.5012,2.2997
2026-06-01T16:43:18.100Z,1.580,1.820,1.4878,1.8328,1.4726,1.8352,1.269,2.6652,2.5108,2.2997
2026-06-01T16:43:18.200Z,1.580,1.820,1.4928,1.8355,1.4790,1.8346,1.268,2.6607,2.5153,2.2952
2026-06-01T16:43:18.300Z,1.580,1.820,1.4928,1.8355,1.4854,1.8340,1.268,2.6607,2.5153,2.2952
2026-06-01T16:43:18.400Z,1.580,1.820,1.4984,1.8380,1.4908,1.8344,1.270,2.6607,2.5246,2.2952
2026-06-01T16:43:18.500Z,1.580,1.820,1.5091,1.8324,1.4962,1.8348,1.268,2.6607,2.5246,2.2811
2026-06-01T16:43:18.600Z,1.580,1.820,1.5055,1.8429,1.4997,1.8369,1.264,2.6466,2.5246,2.2811
2026-06-01T16:43:18.700Z,1.580,1.820,1.4845,1.8403,1.4981,1.8378,1.262,2.6466,2.5012,2.2904
2026-06-01T16:43:18.800Z,1.580,1.820,1.4665,1.8496,1.4928,1.8406,1.265,2.6466,2.5012,2.3138
2026-06-01T16:43:18.900Z,1.580,1.820,1.4773,1.8184,1.4886,1.8367,1.276,2.6885,2.5012,2.3138
2026-06-01T16:43:19.000Z,1.580,1.820,1.4860,1.8391,1.4840,1.8380,1.272,2.6652,2.5201,2.3093
2026-06-01T16:43:19.100Z,1.580,1.820,1.4860,1.8391,1.4801,1.8373,1.272,2.6652,2.5201,2.3093
2026-06-01T16:43:19.200Z,1.580,1.820,1.4800,1.8284,1.4792,1.8349,1.272,2.6744,2.5060,2.3093
2026-06-01T16:43:19.300Z,1.580,1.820,1.4865,1.8278,1.4832,1.8305,1.273,2.6744,2.5108,2.3045
2026-06-01T16:43:19.400Z,1.580,1.820,1.4830,1.8380,1.4843,1.8345,1.269,2.6607,2.5108,2.3045
2026-06-01T16:43:19.500Z,1.580,1.820,1.4909,1.8336,1.4853,1.8334,1.273,2.6700,2.5201,2.3045
2026-06-01T16:43:19.600Z,1.580,1.820,1.4909,1.8336,1.4863,1.8323,1.273,2.6700,2.5201,2.3045
2026-06-01T16:43:19.700Z,1.580,1.820,1.4845,1.8255,1.4872,1.8317,1.277,2.6840,2.5153,2.3138
2026-06-01T16:43:19.800Z,1.580,1.820,1.4796,1.8200,1.4858,1.8301,1.274,2.6840,2.5012,2.3093
2026-06-01T16:43:19.900Z,1.580,1.820,1.4700,1.8478,1.4832,1.8321,1.264,2.6466,2.5012,2.3093
2026-06-01T16:43:20.000Z,1.580,1.820,1.4849,1.8339,1.4820,1.8322,1.275,2.6744,2.5201,2.3138
2026-06-01T16:43:20.100Z,1.580,1.820,1.4884,1.8321,1.4815,1.8319,1.275,2.6744,2.5201,2.3093
2026-06-01T16:43:20.200Z,1.580,1.820,1.4728,1.8491,1.4791,1.8366,1.265,2.6466,2.5060,2.3093
2026-06-01T16:43:20.300Z,1.580,1.820,1.4721,1.8414,1.4777,1.8409,1.264,2.6511,2.4967,2.3045
2026-06-01T16:43:20.400Z,1.580,1.820,1.4721,1.8414,1.4781,1.8396,1.264,2.6511,2.4967,2.3045
2026-06-01T16:43:20.500Z,1.580,1.820,1.4948,1.8378,1.4801,1.8404,1.264,2.6511,2.5108,2.2859
2026-06-01T16:43:20.600Z,1.580,1.820,1.4711,1.8445,1.4766,1.8428,1.265,2.6511,2.5012,2.3093
2026-06-01T16:43:20.700Z,1.580,1.820,1.4700,1.8478,1.4760,1.8426,1.264,2.6466,2.5012,2.3093
2026-06-01T16:43:20.800Z,1.580,1.820,1.4561,1.8526,1.4728,1.8448,1.263,2.6418,2.4919,2.3186
2026-06-01T16:43:20.903Z,1.580,1.820,1.4632,1.8489,1.4710,1.8463,1.261,2.6418,2.4919,2.3093
2026-06-01T16:43:21.000Z,1.580,1.820,1.4752,1.8422,1.4671,1.8472,1.268,2.6559,2.5060,2.3093
2026-06-01T16:43:21.101Z,1.580,1.820,1.4701,1.8392,1.4669,1.8462,1.269,2.6607,2.5012,2.3138
2026-06-01T16:43:21.200Z,1.580,1.820,1.4701,1.8392,1.4669,1.8444,1.269,2.6607,2.5012,2.3138
2026-06-01T16:43:21.300Z,1.580,1.820,1.4817,1.8330,1.4721,1.8405,1.272,2.6700,2.5108,2.3093
2026-06-01T16:43:21.400Z,1.580,1.820,1.4854,1.8311,1.4765,1.8369,1.271,2.6700,2.5108,2.3045
2026-06-01T16:43:21.500Z,1.580,1.820,1.4805,1.8451,1.4776,1.8375,1.266,2.6511,2.5108,2.3045
2026-06-01T16:43:21.600Z,1.580,1.820,1.4995,1.8347,1.4834,1.8366,1.271,2.6652,2.5246,2.2952
2026-06-01T16:43:21.700Z,1.580,1.820,1.4995,1.8347,1.4893,1.8357,1.271,2.6652,2.5246,2.2952
2026-06-01T16:43:21.800Z,1.580,1.820,1.4949,1.8205,1.4920,1.8332,1.273,2.6792,2.5108,2.2952
2026-06-01T16:43:21.900Z,1.580,1.820,1.4806,1.8279,1.4910,1.8326,1.275,2.6792,2.5108,2.3138
2026-06-01T16:43:22.000Z,1.580,1.820,1.4794,1.8315,1.4908,1.8298,1.274,2.6744,2.5108,2.3138
2026-06-01T16:43:22.100Z,1.580,1.820,1.4768,1.8470,1.4862,1.8323,1.267,2.6511,2.5108,2.3093
2026-06-01T16:43:22.200Z,1.580,1.820,1.4805,1.8451,1.4824,1.8344,1.266,2.6511,2.5108,2.3045
2026-06-01T16:43:22.300Z,1.580,1.820,1.4946,1.8231,1.4824,1.8349,1.277,2.6840,2.5201,2.3045
2026-06-01T16:43:22.400Z,1.580,1.820,1.4838,1.8348,1.4830,1.8363,1.267,2.6607,2.5060,2.2997
2026-06-01T16:43:22.500Z,1.580,1.820,1.4838,1.8348,1.4839,1.8370,1.267,2.6607,2.5060,2.2997
2026-06-01T16:43:22.600Z,1.580,1.820,1.4789,1.8294,1.4843,1.8334,1.264,2.6607,2.4919,2.2952
2026-06-01T16:43:22.700Z,1.580,1.820,1.4825,1.8275,1.4847,1.8299,1.264,2.6607,2.4919,2.2904
2026-06-01T16:43:22.800Z,1.580,1.820,1.4861,1.8451,1.4830,1.8343,1.261,2.6418,2.5060,2.2904
2026-06-01T16:43:22.900Z,1.580,1.820,1.4616,1.8551,1.4786,1.8384,1.264,2.6418,2.5012,2.3186
2026-06-01T16:43:23.000Z,1.580,1.820,1.4616,1.8551,1.4741,1.8424,1.264,2.6418,2.5012,2.3186
2026-06-01T16:43:23.100Z,1.580,1.820,1.4752,1.8422,1.4734,1.8450,1.268,2.6559,2.5060,2.3093
2026-06-01T16:43:23.200Z,1.580,1.820,1.4854,1.8397,1.4740,1.8474,1.267,2.6559,2.5108,2.2997
2026-06-01T16:43:23.300Z,1.580,1.820,1.4878,1.8328,1.4743,1.8450,1.269,2.6652,2.5108,2.2997
2026-06-01T16:43:23.400Z,1.580,1.820,1.4937,1.8433,1.4808,1.8426,1.269,2.6559,2.5246,2.2997
2026-06-01T16:43:23.500Z,1.580,1.820,1.4937,1.8433,1.4872,1.8403,1.269,2.6559,2.5246,2.2997
2026-06-01T16:43:23.600Z,1.580,1.820,1.4831,1.8465,1.4888,1.8411,1.265,2.6466,2.5108,2.2997
2026-06-01T16:43:23.700Z,1.580,1.820,1.4868,1.8273,1.4890,1.8387,1.275,2.6792,2.5153,2.3093
2026-06-01T16:43:23.800Z,1.580,1.820,1.4868,1.8273,1.4888,1.8376,1.275,2.6792,2.5153,2.3093
2026-06-01T16:43:23.900Z,1.580,1.820,1.4921,1.8278,1.4885,1.8345,1.267,2.6652,2.5060,2.2904
2026-06-01T16:43:24.000Z,1.580,1.820,1.4850,1.8315,1.4867,1.8321,1.269,2.6652,2.5060,2.2997
2026-06-01T16:43:24.100Z,1.580,1.820,1.4850,1.8315,1.4871,1.8291,1.269,2.6652,2.5060,2.2997
2026-06-01T16:43:24.200Z,1.580,1.820,1.4736,1.8484,1.4845,1.8333,1.270,2.6559,2.5153,2.3186
2026-06-01T16:43:24.304Z,1.580,1.820,1.4773,1.8465,1.4826,1.8371,1.270,2.6559,2.5153,2.3138
2026-06-01T16:43:24.400Z,1.580,1.820,1.4782,1.8348,1.4798,1.8385,1.273,2.6700,2.5108,2.3138
2026-06-01T16:43:24.500Z,1.580,1.820,1.4868,1.8249,1.4802,1.8372,1.268,2.6700,2.5012,2.2952
2026-06-01T16:43:24.600Z,1.580,1.820,1.4855,1.8285,1.4803,1.8366,1.267,2.6652,2.5012,2.2952
2026-06-01T16:43:24.700Z,1.580,1.820,1.4833,1.8291,1.4822,1.8327,1.276,2.6792,2.5153,2.3138
2026-06-01T16:43:24.800Z,1.580,1.820,1.4904,1.8254,1.4848,1.8285,1.275,2.6792,2.5153,2.3045
2026-06-01T16:43:24.900Z,1.580,1.820,1.4821,1.8496,1.4856,1.8315,1.266,2.6466,2.5153,2.3045
2026-06-01T16:43:25.000Z,1.580,1.820,1.4672,1.8491,1.4817,1.8363,1.270,2.6559,2.5108,2.3234
2026-06-01T16:43:25.100Z,1.580,1.820,1.4672,1.8491,1.4780,1.8405,1.270,2.6559,2.5108,2.3234
2026-06-01T16:43:25.200Z,1.580,1.820,1.4753,1.8507,1.4764,1.8448,1.263,2.6418,2.5060,2.3045
2026-06-01T16:43:25.300Z,1.580,1.820,1.4729,1.8601,1.4729,1.8517,1.268,2.6418,2.5201,2.3186
2026-06-01T16:43:25.400Z,1.580,1.820,1.4801,1.8392,1.4725,1.8496,1.275,2.6700,2.5201,2.3186
2026-06-01T16:43:25.500Z,1.580,1.820,1.4886,1.8405,1.4768,1.8479,1.271,2.6607,2.5201,2.3045
2026-06-01T16:43:25.600Z,1.580,1.820,1.4922,1.8386,1.4818,1.8458,1.270,2.6607,2.5201,2.2997
2026-06-01T16:43:25.701Z,1.580,1.820,1.4814,1.8420,1.4830,1.8441,1.265,2.6511,2.5060,2.2997
2026-06-01T16:43:25.801Z,1.580,1.820,1.4806,1.8536,1.4846,1.8428,1.262,2.6370,2.5108,2.2997
2026-06-01T16:43:25.900Z,1.580,1.820,1.4806,1.8536,1.4847,1.8456,1.262,2.6370,2.5108,2.2997
2026-06-01T16:43:26.000Z,1.580,1.820,1.4926,1.8360,1.4855,1.8447,1.266,2.6559,2.5108,2.2904
2026-06-01T16:43:26.100Z,1.580,1.820,1.4889,1.8379,1.4848,1.8446,1.266,2.6559,2.5108,2.2952
2026-06-01T16:43:26.201Z,1.580,1.820,1.4837,1.8435,1.4853,1.8449,1.263,2.6466,2.5060,2.2952
2026-06-01T16:43:26.300Z,1.580,1.820,1.4862,1.8279,1.4864,1.8398,1.270,2.6700,2.5060,2.2997
2026-06-01T16:43:26.401Z,1.580,1.820,1.4862,1.8279,1.4875,1.8346,1.270,2.6700,2.5060,2.2997
2026-06-01T16:43:26.501Z,1.580,1.820,1.4933,1.8266,1.4876,1.8328,1.275,2.6792,2.5201,2.3045
2026-06-01T16:43:26.600Z,1.580,1.820,1.4985,1.8186,1.4896,1.8289,1.272,2.6792,2.5108,2.2904
2026-06-01T16:43:26.701Z,1.580,1.820,1.4962,1.8255,1.4921,1.8253,1.269,2.6700,2.5108,2.2904
2026-06-01T16:43:26.800Z,1.580,1.820,1.4627,1.8346,1.4874,1.8267,1.274,2.6744,2.5012,2.3279
2026-06-01T16:43:26.900Z,1.580,1.820,1.4987,1.8160,1.4899,1.8243,1.268,2.6744,2.5012,2.2811
2026-06-01T16:43:27.001Z,1.580,1.820,1.4996,1.8323,1.4911,1.8254,1.264,2.6559,2.5108,2.2811
2026-06-01T16:43:27.100Z,1.580,1.820,1.4878,1.8242,1.4890,1.8265,1.274,2.6792,2.5108,2.3045
2026-06-01T16:43:27.201Z,1.580,1.820,1.4878,1.8242,1.4873,1.8262,1.274,2.6792,2.5108,2.3045
2026-06-01T16:43:27.301Z,1.580,1.820,1.4999,1.8319,1.4947,1.8257,1.267,2.6607,2.5153,2.2859
2026-06-01T16:43:27.400Z,1.580,1.820,1.4922,1.8386,1.4935,1.8302,1.270,2.6607,2.5201,2.2997
2026-06-01T16:43:27.501Z,1.580,1.820,1.4934,1.8352,1.4922,1.8308,1.271,2.6652,2.5201,2.2997
2026-06-01T16:43:27.600Z,1.580,1.820,1.5020,1.8254,1.4951,1.8311,1.267,2.6652,2.5108,2.2811
2026-06-01T16:43:27.701Z,1.580,1.820,1.5020,1.8254,1.4979,1.8313,1.267,2.6652,2.5108,2.2811
2026-06-01T16:43:27.801Z,1.580,1.820,1.4710,1.8447,1.4921,1.8339,1.263,2.6466,2.4967,2.3045
2026-06-01T16:43:27.900Z,1.580,1.820,1.5055,1.8429,1.4948,1.8347,1.264,2.6466,2.5246,2.2811
2026-06-01T16:43:28.001Z,1.580,1.820,1.5055,1.8429,1.4972,1.8363,1.264,2.6466,2.5246,2.2811
2026-06-01T16:43:28.101Z,1.580,1.820,1.4784,1.8321,1.4925,1.8376,1.268,2.6652,2.5012,2.3045
2026-06-01T16:43:28.201Z,1.580,1.820,1.4892,1.8266,1.4899,1.8378,1.267,2.6652,2.5012,2.2904
2026-06-01T16:43:28.301Z,1.580,1.820,1.4969,1.8137,1.4951,1.8316,1.272,2.6840,2.5060,2.2904
2026-06-01T16:43:28.400Z,1.580,1.820,1.5178,1.8142,1.4976,1.8259,1.268,2.6744,2.5153,2.2670
2026-06-01T16:43:28.501Z,1.580,1.820,1.5178,1.8142,1.5000,1.8202,1.268,2.6744,2.5153,2.2670
2026-06-01T16:43:28.601Z,1.580,1.820,1.4836,1.8179,1.5010,1.8173,1.276,2.6885,2.5060,2.3093
2026-06-01T16:43:28.701Z,1.580,1.820,1.5044,1.8099,1.5041,1.8140,1.274,2.6885,2.5108,2.2859
2026-06-01T16:43:28.800Z,1.580,1.820,1.4996,1.8238,1.5046,1.8160,1.269,2.6700,2.5108,2.2859
2026-06-01T16:43:28.900Z,1.580,1.820,1.4638,1.8397,1.4938,1.8211,1.271,2.6652,2.5012,2.3234
2026-06-01T16:43:29.000Z,1.580,1.820,1.4675,1.8378,1.4838,1.8258,1.270,2.6652,2.5012,2.3186
2026-06-01T16:43:29.101Z,1.580,1.820,1.4697,1.8507,1.4810,1.8324,1.268,2.6511,2.5108,2.3186
2026-06-01T16:43:29.200Z,1.580,1.820,1.5011,1.8371,1.4804,1.8378,1.264,2.6511,2.5153,2.2811
2026-06-01T16:43:29.301Z,1.580,1.820,1.5000,1.8404,1.4804,1.8411,1.263,2.6466,2.5153,2.2811
2026-06-01T16:43:29.401Z,1.580,1.820,1.4841,1.8237,1.4845,1.8379,1.268,2.6700,2.4967,2.2952
2026-06-01T16:43:29.500Z,1.580,1.820,1.4770,1.8274,1.4864,1.8359,1.269,2.6700,2.4967,2.3045
2026-06-01T16:43:29.601Z,1.580,1.820,1.4784,1.8321,1.4881,1.8321,1.268,2.6652,2.5012,2.3045
2026-06-01T16:43:29.700Z,1.580,1.820,1.4886,1.8490,1.4856,1.8345,1.266,2.6466,2.5201,2.2997
2026-06-01T16:43:29.801Z,1.580,1.820,1.4886,1.8490,1.4833,1.8363,1.266,2.6466,2.5201,2.2997
2026-06-01T16:43:29.901Z,1.580,1.820,1.4676,1.8486,1.4801,1.8412,1.273,2.6607,2.5153,2.3279
2026-06-01T16:43:30.000Z,1.580,1.820,1.4674,1.8380,1.4781,1.8433,1.268,2.6607,2.4967,2.3138
2026-06-01T16:43:30.101Z,1.580,1.820,1.4603,1.8588,1.4745,1.8487,1.260,2.6325,2.4967,2.3138
2026-06-01T16:43:30.201Z,1.580,1.820,1.4855,1.8285,1.4739,1.8446,1.267,2.6652,2.5012,2.2952
2026-06-01T16:43:30.300Z,1.580,1.820,1.4892,1.8266,1.4740,1.8401,1.267,2.6652,2.5012,2.2904
2026-06-01T16:43:30.401Z,1.580,1.820,1.4981,1.8385,1.4801,1.8381,1.267,2.6559,2.5201,2.2904
2026-06-01T16:43:30.500Z,1.580,1.820,1.4829,1.8489,1.4832,1.8402,1.271,2.6559,2.5246,2.3138
2026-06-01T16:43:30.600Z,1.580,1.820,1.4829,1.8489,1.4877,1.8383,1.271,2.6559,2.5246,2.3138
2026-06-01T16:43:30.700Z,1.580,1.820,1.4841,1.8323,1.4874,1.8390,1.263,2.6559,2.4967,2.2904
2026-06-01T16:43:30.802Z,1.580,1.820,1.4615,1.8466,1.4819,1.8430,1.269,2.6559,2.5012,2.3234
2026-06-01T16:43:30.901Z,1.580,1.820,1.4615,1.8466,1.4746,1.8447,1.269,2.6559,2.5012,2.3234
2026-06-01T16:43:31.000Z,1.580,1.820,1.4808,1.8422,1.4741,1.8433,1.262,2.6466,2.5012,2.2952
2026-06-01T16:43:31.101Z,1.580,1.820,1.4808,1.8422,1.4737,1.8420,1.262,2.6466,2.5012,2.2952
2026-06-01T16:43:31.201Z,1.580,1.820,1.4898,1.8174,1.4749,1.8390,1.274,2.6840,2.5060,2.2997
2026-06-01T16:43:31.300Z,1.580,1.820,1.4790,1.8230,1.4784,1.8343,1.276,2.6840,2.5060,2.3138
2026-06-01T16:43:31.401Z,1.580,1.820,1.4730,1.8405,1.4807,1.8331,1.269,2.6607,2.5060,2.3138
2026-06-01T16:43:31.500Z,1.580,1.820,1.4777,1.8461,1.4800,1.8338,1.272,2.6607,2.5201,2.3186
2026-06-01T16:43:31.600Z,1.580,1.820,1.4814,1.8442,1.4802,1.8342,1.272,2.6607,2.5201,2.3138
2026-06-01T16:43:31.701Z,1.580,1.820,1.4773,1.8465,1.4777,1.8400,1.270,2.6559,2.5153,2.3138
2026-06-01T16:43:31.800Z,1.580,1.820,1.4884,1.8321,1.4796,1.8419,1.275,2.6744,2.5201,2.3093
2026-06-01T16:43:31.901Z,1.580,1.820,1.4884,1.8321,1.4826,1.8402,1.275,2.6744,2.5201,2.3093
2026-06-01T16:43:32.001Z,1.580,1.820,1.4845,1.8513,1.4840,1.8412,1.264,2.6418,2.5153,2.2997
2026-06-01T16:43:32.100Z,1.580,1.820,1.4716,1.8526,1.4821,1.8429,1.264,2.6418,2.5060,2.3093
2026-06-01T16:43:32.201Z,1.580,1.820,1.4693,1.8595,1.4804,1.8455,1.261,2.6325,2.5060,2.3093
2026-06-01T16:43:32.300Z,1.580,1.820,1.4540,1.8530,1.4736,1.8497,1.274,2.6607,2.5108,2.3420
2026-06-01T16:43:32.401Z,1.580,1.820,1.4721,1.8436,1.4703,1.8520,1.271,2.6607,2.5108,2.3186
2026-06-01T16:43:32.500Z,1.580,1.820,1.4632,1.8599,1.4660,1.8537,1.264,2.6370,2.5060,2.3186
2026-06-01T16:43:32.600Z,1.580,1.820,1.4712,1.8530,1.4660,1.8538,1.261,2.6370,2.5012,2.3045
2026-06-01T16:43:32.701Z,1.580,1.820,1.4760,1.8390,1.4673,1.8497,1.266,2.6559,2.5012,2.3045
2026-06-01T16:43:32.800Z,1.580,1.820,1.4845,1.8428,1.4734,1.8477,1.268,2.6559,2.5153,2.3045
2026-06-01T16:43:32.900Z,1.580,1.820,1.4845,1.8428,1.4759,1.8475,1.268,2.6559,2.5153,2.3045
2026-06-01T16:43:33.001Z,1.580,1.820,1.4801,1.8368,1.4793,1.8429,1.268,2.6607,2.5060,2.3045
2026-06-01T16:43:33.100Z,1.580,1.820,1.4902,1.8259,1.4831,1.8374,1.272,2.6744,2.5108,2.2997
2026-06-01T16:43:33.201Z,1.580,1.820,1.4902,1.8259,1.4859,1.8348,1.272,2.6744,2.5108,2.2997
2026-06-01T16:43:33.301Z,1.580,1.820,1.4981,1.8385,1.4886,1.8339,1.267,2.6559,2.5201,2.2904
2026-06-01T16:43:33.400Z,1.580,1.820,1.4802,1.8477,1.4878,1.8349,1.271,2.6559,2.5201,2.3138
2026-06-01T16:43:33.501Z,1.580,1.820,1.4814,1.8442,1.4880,1.8364,1.272,2.6607,2.5201,2.3138
2026-06-01T16:43:33.600Z,1.580,1.820,1.4873,1.8416,1.4874,1.8396,1.263,2.6466,2.5060,2.2904
2026-06-01T16:43:33.700Z,1.580,1.820,1.4907,1.8398,1.4876,1.8424,1.262,2.6466,2.5060,2.2859
2026-06-01T16:43:33.801Z,1.580,1.820,1.4955,1.8261,1.4870,1.8399,1.267,2.6652,2.5060,2.2859
2026-06-01T16:43:33.900Z,1.580,1.820,1.4672,1.8491,1.4844,1.8402,1.270,2.6559,2.5108,2.3234
2026-06-01T16:43:34.001Z,1.580,1.820,1.4672,1.8491,1.4816,1.8411,1.270,2.6559,2.5108,2.3234
2026-06-01T16:43:34.100Z,1.580,1.820,1.5000,1.8234,1.4841,1.8375,1.271,2.6744,2.5153,2.2904
2026-06-01T16:43:34.200Z,1.580,1.820,1.4963,1.8253,1.4852,1.8346,1.272,2.6744,2.5153,2.2952
2026-06-01T16:43:34.301Z,1.580,1.820,1.4892,1.8459,1.4840,1.8386,1.265,2.6466,2.5153,2.2952
2026-06-01T16:43:34.400Z,1.580,1.820,1.4996,1.8238,1.4905,1.8335,1.269,2.6700,2.5108,2.2859
2026-06-01T16:43:34.501Z,1.580,1.820,1.4996,1.8238,1.4969,1.8284,1.269,2.6700,2.5108,2.2859
2026-06-01T16:43:34.601Z,1.580,1.820,1.4782,1.8520,1.4926,1.8341,1.264,2.6418,2.5108,2.3045
2026-06-01T16:43:34.700Z,1.580,1.820,1.4737,1.8569,1.4881,1.8405,1.266,2.6418,2.5153,2.3138
2026-06-01T16:43:34.801Z,1.580,1.820,1.4773,1.8465,1.4857,1.8406,1.270,2.6559,2.5153,2.3138
2026-06-01T16:43:34.901Z,1.580,1.820,1.4701,1.8392,1.4798,1.8437,1.269,2.6607,2.5012,2.3138
2026-06-01T16:43:35.000Z,1.580,1.820,1.4809,1.8336,1.4760,1.8456,1.267,2.6607,2.5012,2.2997
2026-06-01T16:43:35.101Z,1.580,1.820,1.4850,1.8315,1.4774,1.8415,1.269,2.6652,2.5060,2.2997
2026-06-01T16:43:35.200Z,1.580,1.820,1.4819,1.8389,1.4790,1.8379,1.264,2.6511,2.5012,2.2952
2026-06-01T16:43:35.301Z,1.580,1.820,1.4819,1.8389,1.4800,1.8364,1.264,2.6511,2.5012,2.2952
2026-06-01T16:43:35.401Z,1.580,1.820,1.4849,1.8229,1.4829,1.8332,1.273,2.6792,2.5060,2.3045
2026-06-01T16:43:35.500Z,1.580,1.820,1.4949,1.8205,1.4857,1.8305,1.273,2.6792,2.5108,2.2952
2026-06-01T16:43:35.601Z,1.580,1.820,1.4961,1.8169,1.4880,1.8276,1.274,2.6840,2.5108,2.2952
2026-06-01T16:43:35.700Z,1.580,1.820,1.4984,1.8380,1.4912,1.8274,1.270,2.6607,2.5246,2.2952
2026-06-01T16:43:35.801Z,1.580,1.820,1.4984,1.8380,1.4945,1.8273,1.270,2.6607,2.5246,2.2952
2026-06-01T16:43:35.901Z,1.580,1.820,1.5020,1.8254,1.4980,1.8278,1.267,2.6652,2.5108,2.2811
2026-06-01T16:43:36.000Z,1.580,1.820,1.4760,1.8415,1.4942,1.8320,1.273,2.6652,2.5153,2.3186
2026-06-01T16:43:36.101Z,1.580,1.820,1.4736,1.8484,1.4897,1.8383,1.270,2.6559,2.5153,2.3186
2026-06-01T16:43:36.200Z,1.580,1.820,1.4845,1.8428,1.4869,1.8392,1.268,2.6559,2.5153,2.3045
2026-06-01T16:43:36.300Z,1.580,1.820,1.4736,1.8484,1.4819,1.8413,1.270,2.6559,2.5153,2.3186
2026-06-01T16:43:36.401Z,1.580,1.820,1.4728,1.8321,1.4761,1.8426,1.274,2.6744,2.5060,2.3186
2026-06-01T16:43:36.500Z,1.580,1.820,1.4867,1.8361,1.4782,1.8416,1.268,2.6607,2.5108,2.2997
2026-06-01T16:43:36.601Z,1.580,1.820,1.4867,1.8361,1.4808,1.8391,1.268,2.6607,2.5108,2.2997
2026-06-01T16:43:36.700Z,1.580,1.820,1.4849,1.8424,1.4809,1.8390,1.271,2.6607,2.5201,2.3093
2026-06-01T16:43:36.800Z,1.580,1.820,1.4867,1.8361,1.4835,1.8366,1.268,2.6607,2.5108,2.2997
2026-06-01T16:43:36.901Z,1.580,1.820,1.4902,1.8259,1.4870,1.8353,1.272,2.6744,2.5108,2.2997
